,Unnamed: 0,Pump price in pence/litre (ULSP),Pump price in pence/litre (ULSD),Duty rate in pence/litre (ULSP),Duty rate in pence/litre (ULSD),VAT percentage rate (ULSP),VAT percentage rate (ULSD),Year
0,2,74.59,76.77,45.82,45.82,17.5,17.5,2003
1,3,74.47,76.69,45.82,45.82,17.5,17.5,2003
2,4,74.42,76.62,45.82,45.82,17.5,17.5,2003
3,5,74.35,76.51,45.82,45.82,17.5,17.5,2003
4,6,74.28,76.46,45.82,45.82,17.5,17.5,2003
5,7,74.21,76.41,45.82,45.82,17.5,17.5,2003
6,8,75.07,76.9,45.82,45.82,17.5,17.5,2003
7,9,75.1,76.86,45.82,45.82,17.5,17.5,2003
8,10,75.12,76.81,45.82,45.82,17.5,17.5,2003
9,11,75.44,77.08,45.82,45.82,17.5,17.5,2003
10,12,75.81,77.44,45.82,45.82,17.5,17.5,2003
11,13,76.05,77.68,45.82,45.82,17.5,17.5,2003
12,14,76.13,77.59,45.82,45.82,17.5,17.5,2003
13,15,76.23,77.67,45.82,45.82,17.5,17.5,2003
14,16,76.2,77.63,45.82,45.82,17.5,17.5,2003
15,17,76.15,77.55,45.82,45.82,17.5,17.5,2003
16,18,76.08,77.53,45.82,45.82,17.5,17.5,2003
17,19,76.43,77.66,47.1,47.1,17.5,17.5,2003
18,20,75.9,77.43,47.1,47.1,17.5,17.5,2003
19,21,76.05,77.54,47.1,47.1,17.5,17.5,2003
20,22,76.0,77.51,47.1,47.1,17.5,17.5,2003
21,23,76.0,77.52,47.1,47.1,17.5,17.5,2003
22,24,75.94,77.47,47.1,47.1,17.5,17.5,2003
23,25,75.93,77.52,47.1,47.1,17.5,17.5,2003
24,26,76.02,77.67,47.1,47.1,17.5,17.5,2003
25,27,76.0,77.66,47.1,47.1,17.5,17.5,2003
26,28,75.97,77.63,47.1,47.1,17.5,17.5,2003
27,29,75.96,77.62,47.1,47.1,17.5,17.5,2003
28,30,75.92,77.61,47.1,47.1,17.5,17.5,2003
29,31,75.94,77.6,47.1,47.1,17.5,17.5,2003
30,32,75.88,77.54,47.1,47.1,17.5,17.5,2004
31,33,75.9,77.54,47.1,47.1,17.5,17.5,2004
32,34,76.36,78.06,47.1,47.1,17.5,17.5,2004
33,35,76.44,78.08,47.1,47.1,17.5,17.5,2004
34,36,76.48,78.13,47.1,47.1,17.5,17.5,2004
35,37,76.5,77.98,47.1,47.1,17.5,17.5,2004
36,38,76.44,78.0,47.1,47.1,17.5,17.5,2004
37,39,76.38,77.93,47.1,47.1,17.5,17.5,2004
38,40,76.32,77.87,47.1,47.1,17.5,17.5,2004
39,41,76.73,78.25,47.1,47.1,17.5,17.5,2004
40,42,77.39,78.8,47.1,47.1,17.5,17.5,2004
41,43,77.44,78.92,47.1,47.1,17.5,17.5,2004
42,44,77.59,79.01,47.1,47.1,17.5,17.5,2004
43,45,77.86,79.23,47.1,47.1,17.5,17.5,2004
44,46,77.88,79.27,47.1,47.1,17.5,17.5,2004
45,47,78.04,79.43,47.1,47.1,17.5,17.5,2004
46,48,78.4,79.75,47.1,47.1,17.5,17.5,2004
47,49,79.28,80.64,47.1,47.1,17.5,17.5,2004
48,50,80.3,81.68,47.1,47.1,17.5,17.5,2004
49,51,81.49,82.83,47.1,47.1,17.5,17.5,2004
50,52,82.13,83.48,47.1,47.1,17.5,17.5,2004
51,53,82.35,83.61,47.1,47.1,17.5,17.5,2004
52,54,82.44,83.65,47.1,47.1,17.5,17.5,2004
53,55,81.54,82.6,47.1,47.1,17.5,17.5,2004
54,56,81.04,82.09,47.1,47.1,17.5,17.5,2004
55,57,80.41,81.04,47.1,47.1,17.5,17.5,2004
56,58,79.87,80.51,47.1,47.1,17.5,17.5,2004
57,59,80.34,81.05,47.1,47.1,17.5,17.5,2004
58,60,80.84,81.68,47.1,47.1,17.5,17.5,2004
59,61,80.87,81.7,47.1,47.1,17.5,17.5,2004
60,62,80.86,81.79,47.1,47.1,17.5,17.5,2004
61,63,81.18,82.14,47.1,47.1,17.5,17.5,2004
62,64,81.25,82.33,47.1,47.1,17.5,17.5,2004
63,65,81.51,82.82,47.1,47.1,17.5,17.5,2004
64,66,81.53,82.89,47.1,47.1,17.5,17.5,2004
65,67,81.37,82.92,47.1,47.1,17.5,17.5,2004
66,68,81.31,82.91,47.1,47.1,17.5,17.5,2004
67,69,81.28,83.03,47.1,47.1,17.5,17.5,2004
68,70,81.63,83.46,47.1,47.1,17.5,17.5,2004
69,71,82.05,83.84,47.1,47.1,17.5,17.5,2004
70,72,83.11,85.01,47.1,47.1,17.5,17.5,2004
71,73,83.35,85.34,47.1,47.1,17.5,17.5,2004
72,74,83.94,86.03,47.1,47.1,17.5,17.5,2004
73,75,84.27,86.42,47.1,47.1,17.5,17.5,2004
74,76,84.34,86.54,47.1,47.1,17.5,17.5,2004
75,77,84.26,86.42,47.1,47.1,17.5,17.5,2004
76,78,81.46,85.17,47.1,47.1,17.5,17.5,2004
77,79,84.17,86.36,47.1,47.1,17.5,17.5,2004
78,80,84.06,86.4,47.1,47.1,17.5,17.5,2004
79,81,82.73,85.98,47.1,47.1,17.5,17.5,2004
80,82,81.46,85.17,47.1,47.1,17.5,17.5,2004
81,83,81.2,85.14,47.1,47.1,17.5,17.5,2004
82,84,81.17,85.12,47.1,47.1,17.5,17.5,2005
83,85,79.84,84.87,47.1,47.1,17.5,17.5,2005
84,86,78.93,83.94,47.1,47.1,17.5,17.5,2005
85,87,78.93,83.87,47.1,47.1,17.5,17.5,2005
86,88,79.54,84.23,47.1,47.1,17.5,17.5,2005
87,89,79.84,84.27,47.1,47.1,17.5,17.5,2005
88,90,80.03,84.32,47.1,47.1,17.5,17.5,2005
89,91,80.15,84.36,47.1,47.1,17.5,17.5,2005
90,92,80.45,84.65,47.1,47.1,17.5,17.5,2005
91,93,81.16,85.64,47.1,47.1,17.5,17.5,2005
92,94,81.64,86.11,47.1,47.1,17.5,17.5,2005
93,95,82.7,87.06,47.1,47.1,17.5,17.5,2005
94,96,83.4,87.68,47.1,47.1,17.5,17.5,2005
95,97,83.91,88.3,47.1,47.1,17.5,17.5,2005
96,98,85.61,89.82,47.1,47.1,17.5,17.5,2005
97,99,85.63,89.8,47.1,47.1,17.5,17.5,2005
98,100,85.51,89.62,47.1,47.1,17.5,17.5,2005
99,101,85.44,89.3,47.1,47.1,17.5,17.5,2005
100,102,85.36,89.46,47.1,47.1,17.5,17.5,2005
101,103,85.27,89.4,47.1,47.1,17.5,17.5,2005
102,104,84.77,89.0,47.1,47.1,17.5,17.5,2005
103,105,84.18,88.39,47.1,47.1,17.5,17.5,2005
104,106,84.01,88.23,47.1,47.1,17.5,17.5,2005
105,107,84.99,88.96,47.1,47.1,17.5,17.5,2005
106,108,85.52,89.54,47.1,47.1,17.5,17.5,2005
107,109,86.73,90.27,47.1,47.1,17.5,17.5,2005
108,110,87.49,91.0,47.1,47.1,17.5,17.5,2005
109,111,87.73,91.89,47.1,47.1,17.5,17.5,2005
110,112,88.55,92.67,47.1,47.1,17.5,17.5,2005
111,113,89.0,93.03,47.1,47.1,17.5,17.5,2005
112,114,89.25,93.26,47.1,47.1,17.5,17.5,2005
113,115,89.67,93.63,47.1,47.1,17.5,17.5,2005
114,116,90.56,94.5,47.1,47.1,17.5,17.5,2005
115,117,90.77,94.68,47.1,47.1,17.5,17.5,2005
116,118,91.42,95.33,47.1,47.1,17.5,17.5,2005
117,119,94.37,97.19,47.1,47.1,17.5,17.5,2005
118,120,95.07,97.89,47.1,47.1,17.5,17.5,2005
119,121,94.41,97.32,47.1,47.1,17.5,17.5,2005
120,122,93.33,96.27,47.1,47.1,17.5,17.5,2005
121,123,93.51,96.61,47.1,47.1,17.5,17.5,2005
122,124,94.25,97.05,47.1,47.1,17.5,17.5,2005
123,125,94.14,97.0,47.1,47.1,17.5,17.5,2005
124,126,93.47,96.8,47.1,47.1,17.5,17.5,2005
125,127,92.79,96.57,47.1,47.1,17.5,17.5,2005
126,128,92.47,96.59,47.1,47.1,17.5,17.5,2005
127,129,90.53,94.92,47.1,47.1,17.5,17.5,2005
128,130,88.61,93.22,47.1,47.1,17.5,17.5,2005
129,131,87.35,91.8,47.1,47.1,17.5,17.5,2005
130,132,87.35,91.8,47.1,47.1,17.5,17.5,2005
131,133,87.2,91.48,47.1,47.1,17.5,17.5,2005
132,134,87.56,91.83,47.1,47.1,17.5,17.5,2005
133,135,87.88,92.12,47.1,47.1,17.5,17.5,2005
134,136,88.03,92.27,47.1,47.1,17.5,17.5,2006
135,137,88.56,92.94,47.1,47.1,17.5,17.5,2006
136,138,89.01,93.19,47.1,47.1,17.5,17.5,2006
137,139,89.55,93.62,47.1,47.1,17.5,17.5,2006
138,140,89.88,93.93,47.1,47.1,17.5,17.5,2006
139,141,89.73,93.85,47.1,47.1,17.5,17.5,2006
140,142,89.65,93.77,47.1,47.1,17.5,17.5,2006
141,143,89.6,93.75,47.1,47.1,17.5,17.5,2006
142,144,89.51,93.69,47.1,47.1,17.5,17.5,2006
143,145,89.37,93.63,47.1,47.1,17.5,17.5,2006
144,146,89.55,93.85,47.1,47.1,17.5,17.5,2006
145,147,90.19,94.42,47.1,47.1,17.5,17.5,2006
146,148,91.16,94.95,47.1,47.1,17.5,17.5,2006
147,149,91.78,95.64,47.1,47.1,17.5,17.5,2006
148,150,92.77,96.4,47.1,47.1,17.5,17.5,2006
149,151,94.23,97.64,47.1,47.1,17.5,17.5,2006
150,152,95.35,98.5,47.1,47.1,17.5,17.5,2006
151,153,96.13,98.9,47.1,47.1,17.5,17.5,2006
152,154,96.46,98.9,47.1,47.1,17.5,17.5,2006
153,155,96.39,98.74,47.1,47.1,17.5,17.5,2006
154,156,96.1,98.5,47.1,47.1,17.5,17.5,2006
155,157,95.36,97.69,47.1,47.1,17.5,17.5,2006
156,158,95.24,97.55,47.1,47.1,17.5,17.5,2006
157,159,95.49,97.75,47.1,47.1,17.5,17.5,2006
158,160,95.44,97.77,47.1,47.1,17.5,17.5,2006
159,161,94.97,97.36,47.1,47.1,17.5,17.5,2006
160,162,95.27,97.6,47.1,47.1,17.5,17.5,2006
161,163,95.69,97.99,47.1,47.1,17.5,17.5,2006
162,164,96.88,98.74,47.1,47.1,17.5,17.5,2006
163,165,97.78,99.41,47.1,47.1,17.5,17.5,2006
164,166,97.83,99.41,47.1,47.1,17.5,17.5,2006
165,167,98.05,99.57,47.1,47.1,17.5,17.5,2006
166,168,97.82,99.45,47.1,47.1,17.5,17.5,2006
167,169,95.74,97.93,47.1,47.1,17.5,17.5,2006
168,170,94.4,96.67,47.1,47.1,17.5,17.5,2006
169,171,92.88,95.92,47.1,47.1,17.5,17.5,2006
170,172,91.48,95.34,47.1,47.1,17.5,17.5,2006
171,173,89.78,94.95,47.1,47.1,17.5,17.5,2006
172,174,88.2,93.51,47.1,47.1,17.5,17.5,2006
173,175,86.95,92.13,47.1,47.1,17.5,17.5,2006
174,176,86.6,91.74,47.1,47.1,17.5,17.5,2006
175,177,85.91,91.59,47.1,47.1,17.5,17.5,2006
176,178,85.74,91.22,47.1,47.1,17.5,17.5,2006
177,179,85.6,91.17,47.1,47.1,17.5,17.5,2006
178,180,85.54,91.12,47.1,47.1,17.5,17.5,2006
179,181,85.49,91.15,47.1,47.1,17.5,17.5,2006
180,182,85.45,91.17,47.1,47.1,17.5,17.5,2006
181,183,85.47,91.17,47.1,47.1,17.5,17.5,2006
182,184,85.46,91.5,47.1,47.1,17.5,17.5,2006
183,185,87.44,92.96,48.35,48.35,17.5,17.5,2006
184,186,87.7,93.26,48.35,48.35,17.5,17.5,2006
185,187,87.9,93.41,48.35,48.35,17.5,17.5,2006
186,188,87.85,93.4,48.35,48.35,17.5,17.5,2007
187,189,87.66,93.11,48.35,48.35,17.5,17.5,2007
188,190,87.1,91.55,48.35,48.35,17.5,17.5,2007
189,191,86.28,90.45,48.35,48.35,17.5,17.5,2007
190,192,85.66,89.7,48.35,48.35,17.5,17.5,2007
191,193,85.62,89.63,48.35,48.35,17.5,17.5,2007
192,194,86.12,90.11,48.35,48.35,17.5,17.5,2007
193,195,86.6,90.55,48.35,48.35,17.5,17.5,2007
194,196,87.07,91.02,48.35,48.35,17.5,17.5,2007
195,197,87.74,91.59,48.35,48.35,17.5,17.5,2007
196,198,88.48,92.17,48.35,48.35,17.5,17.5,2007
197,199,88.93,92.61,48.35,48.35,17.5,17.5,2007
198,200,89.32,92.91,48.35,48.35,17.5,17.5,2007
199,201,90.47,93.9,48.35,48.35,17.5,17.5,2007
200,202,91.18,94.33,48.35,48.35,17.5,17.5,2007
201,203,91.99,94.86,48.35,48.35,17.5,17.5,2007
202,204,92.93,95.39,48.35,48.35,17.5,17.5,2007
203,205,93.45,95.71,48.35,48.35,17.5,17.5,2007
204,206,94.43,96.12,48.35,48.35,17.5,17.5,2007
205,207,95.07,96.47,48.35,48.35,17.5,17.5,2007
206,208,95.71,96.69,48.35,48.35,17.5,17.5,2007
207,209,96.16,96.99,48.35,48.35,17.5,17.5,2007
208,210,96.51,97.19,48.35,48.35,17.5,17.5,2007
209,211,96.61,97.2,48.35,48.35,17.5,17.5,2007
210,212,96.56,97.11,48.35,48.35,17.5,17.5,2007
211,213,96.54,97.12,48.35,48.35,17.5,17.5,2007
212,214,96.36,96.89,48.35,48.35,17.5,17.5,2007
213,215,96.2,96.78,48.35,48.35,17.5,17.5,2007
214,216,96.21,96.79,48.35,48.35,17.5,17.5,2007
215,217,96.23,96.83,48.35,48.35,17.5,17.5,2007
216,218,96.2,96.77,48.35,48.35,17.5,17.5,2007
217,219,96.15,96.72,48.35,48.35,17.5,17.5,2007
218,220,96.0,96.7,48.35,48.35,17.5,17.5,2007
219,221,95.31,96.59,48.35,48.35,17.5,17.5,2007
220,222,95.0,96.37,48.35,48.35,17.5,17.5,2007
221,223,94.8,96.37,48.35,48.35,17.5,17.5,2007
222,224,94.63,96.34,48.35,48.35,17.5,17.5,2007
223,225,94.65,96.45,48.35,48.35,17.5,17.5,2007
224,226,94.91,96.9,48.35,48.35,17.5,17.5,2007
225,227,96.39,98.51,50.35,50.35,17.5,17.5,2007
226,228,97.14,99.1,50.35,50.35,17.5,17.5,2007
227,229,97.19,99.18,50.35,50.35,17.5,17.5,2007
228,230,97.81,99.89,50.35,50.35,17.5,17.5,2007
229,231,98.26,100.69,50.35,50.35,17.5,17.5,2007
230,232,99.36,102.16,50.35,50.35,17.5,17.5,2007
231,233,100.74,104.17,50.35,50.35,17.5,17.5,2007
232,234,101.47,105.28,50.35,50.35,17.5,17.5,2007
233,235,102.13,106.25,50.35,50.35,17.5,17.5,2007
234,236,102.58,107.19,50.35,50.35,17.5,17.5,2007
235,237,102.67,107.47,50.35,50.35,17.5,17.5,2007
236,238,102.6,107.56,50.35,50.35,17.5,17.5,2007
237,239,102.53,107.5,50.35,50.35,17.5,17.5,2007
238,240,102.66,107.61,50.35,50.35,17.5,17.5,2007
239,241,103.37,108.29,50.35,50.35,17.5,17.5,2008
240,242,103.82,108.77,50.35,50.35,17.5,17.5,2008
241,243,104.22,109.09,50.35,50.35,17.5,17.5,2008
242,244,104.22,109.11,50.35,50.35,17.5,17.5,2008
243,245,104.03,108.99,50.35,50.35,17.5,17.5,2008
244,246,103.67,108.86,50.35,50.35,17.5,17.5,2008
245,247,103.7,108.99,50.35,50.35,17.5,17.5,2008
246,248,104.65,110.21,50.35,50.35,17.5,17.5,2008
247,249,105.24,110.9,50.35,50.35,17.5,17.5,2008
248,250,105.96,112.23,50.35,50.35,17.5,17.5,2008
249,251,106.41,113.08,50.35,50.35,17.5,17.5,2008
250,252,106.9,114.4,50.35,50.35,17.5,17.5,2008
251,253,107.1,114.79,50.35,50.35,17.5,17.5,2008
252,254,107.24,115.47,50.35,50.35,17.5,17.5,2008
253,255,107.61,116.51,50.35,50.35,17.5,17.5,2008
254,256,108.57,118.06,50.35,50.35,17.5,17.5,2008
255,257,109.5,119.1,50.35,50.35,17.5,17.5,2008
256,258,110.3,120.37,50.35,50.35,17.5,17.5,2008
257,259,111.04,121.49,50.35,50.35,17.5,17.5,2008
258,260,112.96,124.5,50.35,50.35,17.5,17.5,2008
259,261,114.79,127.21,50.35,50.35,17.5,17.5,2008
260,262,116.03,128.82,50.35,50.35,17.5,17.5,2008
261,263,116.86,129.68,50.35,50.35,17.5,17.5,2008
262,264,117.69,130.66,50.35,50.35,17.5,17.5,2008
263,265,118.44,131.45,50.35,50.35,17.5,17.5,2008
264,266,118.84,132.03,50.35,50.35,17.5,17.5,2008
265,267,119.28,132.55,50.35,50.35,17.5,17.5,2008
266,268,119.44,132.87,50.35,50.35,17.5,17.5,2008
267,269,119.4,132.89,50.35,50.35,17.5,17.5,2008
268,270,116.91,130.71,50.35,50.35,17.5,17.5,2008
269,271,115.06,128.19,50.35,50.35,17.5,17.5,2008
270,272,113.92,126.2,50.35,50.35,17.5,17.5,2008
271,273,112.22,124.1,50.35,50.35,17.5,17.5,2008
272,274,112.02,123.74,50.35,50.35,17.5,17.5,2008
273,275,112.2,123.89,50.35,50.35,17.5,17.5,2008
274,276,112.55,124.2,50.35,50.35,17.5,17.5,2008
275,277,112.51,124.14,50.35,50.35,17.5,17.5,2008
276,278,110.81,122.61,50.35,50.35,17.5,17.5,2008
277,279,109.85,121.65,50.35,50.35,17.5,17.5,2008
278,280,109.45,121.14,50.35,50.35,17.5,17.5,2008
279,281,107.04,118.42,50.35,50.35,17.5,17.5,2008
280,282,102.66,114.31,50.35,50.35,17.5,17.5,2008
281,283,98.62,111.01,50.35,50.35,17.5,17.5,2008
282,284,97.4,109.87,50.35,50.35,17.5,17.5,2008
283,285,95.89,109.13,50.35,50.35,17.5,17.5,2008
284,286,94.83,108.73,50.35,50.35,17.5,17.5,2008
285,287,92.79,107.78,50.35,50.35,17.5,17.5,2008
286,288,91.47,106.56,52.35,52.35,15.0,15.0,2008
287,289,90.16,104.87,52.35,52.35,15.0,15.0,2008
288,290,89.07,101.24,52.35,52.35,15.0,15.0,2008
289,291,88.01,99.94,52.35,52.35,15.0,15.0,2008
290,292,87.34,99.17,52.35,52.35,15.0,15.0,2008
291,293,85.42,97.57,52.35,52.35,15.0,15.0,2009
292,294,86.02,98.32,52.35,52.35,15.0,15.0,2009
293,295,86.19,98.45,52.35,52.35,15.0,15.0,2009
294,296,87.42,99.39,52.35,52.35,15.0,15.0,2009
295,297,88.16,99.82,52.35,52.35,15.0,15.0,2009
296,298,89.28,100.31,52.35,52.35,15.0,15.0,2009
297,299,90.12,100.86,52.35,52.35,15.0,15.0,2009
298,300,90.33,100.81,52.35,52.35,15.0,15.0,2009
299,301,90.28,100.64,52.35,52.35,15.0,15.0,2009
300,302,90.15,100.03,52.35,52.35,15.0,15.0,2009
301,303,90.16,100.0,52.35,52.35,15.0,15.0,2009
302,304,90.16,99.52,52.35,52.35,15.0,15.0,2009
303,305,91.35,99.98,52.35,52.35,15.0,15.0,2009
304,306,93.72,102.14,54.19,54.19,15.0,15.0,2009
305,307,94.11,102.44,54.19,54.19,15.0,15.0,2009
306,308,94.62,102.71,54.19,54.19,15.0,15.0,2009
307,309,95.13,102.83,54.19,54.19,15.0,15.0,2009
308,310,95.6,102.8,54.19,54.19,15.0,15.0,2009
309,311,96.59,103.1,54.19,54.19,15.0,15.0,2009
310,312,97.54,103.37,54.19,54.19,15.0,15.0,2009
311,313,98.9,103.55,54.19,54.19,15.0,15.0,2009
312,314,99.39,103.55,54.19,54.19,15.0,15.0,2009
313,315,100.59,103.78,54.19,54.19,15.0,15.0,2009
314,316,101.98,104.5,54.19,54.19,15.0,15.0,2009
315,317,102.81,104.92,54.19,54.19,15.0,15.0,2009
316,318,103.3,105.05,54.19,54.19,15.0,15.0,2009
317,319,103.57,105.11,54.19,54.19,15.0,15.0,2009
318,320,102.78,104.04,54.19,54.19,15.0,15.0,2009
319,321,102.22,102.99,54.19,54.19,15.0,15.0,2009
320,322,102.17,102.91,54.19,54.19,15.0,15.0,2009
321,323,102.36,103.2,54.19,54.19,15.0,15.0,2009
322,324,103.01,103.79,54.19,54.19,15.0,15.0,2009
323,325,103.96,104.45,54.19,54.19,15.0,15.0,2009
324,326,104.7,105.11,54.19,54.19,15.0,15.0,2009
325,327,105.11,105.5,54.19,54.19,15.0,15.0,2009
326,328,106.85,107.3,56.19,56.19,15.0,15.0,2009
327,329,106.43,107.09,56.19,56.19,15.0,15.0,2009
328,330,105.96,106.79,56.19,56.19,15.0,15.0,2009
329,331,105.44,106.39,56.19,56.19,15.0,15.0,2009
330,332,104.87,105.85,56.19,56.19,15.0,15.0,2009
331,333,104.71,105.69,56.19,56.19,15.0,15.0,2009
332,334,105.08,106.28,56.19,56.19,15.0,15.0,2009
333,335,106.76,107.78,56.19,56.19,15.0,15.0,2009
334,336,107.43,108.51,56.19,56.19,15.0,15.0,2009
335,337,108.1,109.35,56.19,56.19,15.0,15.0,2009
336,338,108.48,109.65,56.19,56.19,15.0,15.0,2009
337,339,108.73,109.87,56.19,56.19,15.0,15.0,2009
338,340,108.79,109.99,56.19,56.19,15.0,15.0,2009
339,341,108.64,109.87,56.19,56.19,15.0,15.0,2009
340,342,108.5,109.57,56.19,56.19,15.0,15.0,2009
341,343,107.47,109.13,56.19,56.19,15.0,15.0,2009
342,344,107.44,109.17,56.19,56.19,15.0,15.0,2009
343,345,109.34,111.08,56.19,56.19,17.5,17.5,2010
344,346,110.72,112.59,56.19,56.19,17.5,17.5,2010
345,347,111.6,113.39,56.19,56.19,17.5,17.5,2010
346,348,111.87,113.71,56.19,56.19,17.5,17.5,2010
347,349,111.91,113.75,56.19,56.19,17.5,17.5,2010
348,350,111.95,113.79,56.19,56.19,17.5,17.5,2010
349,351,111.89,113.68,56.19,56.19,17.5,17.5,2010
350,352,111.56,112.76,56.19,56.19,17.5,17.5,2010
351,353,112.42,113.41,56.19,56.19,17.5,17.5,2010
352,354,113.71,114.68,56.19,56.19,17.5,17.5,2010
353,355,115.46,116.21,56.19,56.19,17.5,17.5,2010
354,356,116.59,117.28,56.19,56.19,17.5,17.5,2010
355,357,117.28,118.21,56.19,56.19,17.5,17.5,2010
356,358,119.29,120.09,57.19,57.19,17.5,17.5,2010
357,359,119.94,121.11,57.19,57.19,17.5,17.5,2010
358,360,120.55,121.74,57.19,57.19,17.5,17.5,2010
359,361,120.99,122.31,57.19,57.19,17.5,17.5,2010
360,362,121.18,122.68,57.19,57.19,17.5,17.5,2010
361,363,121.31,122.82,57.19,57.19,17.5,17.5,2010
362,364,121.3,122.83,57.19,57.19,17.5,17.5,2010
363,365,119.93,121.92,57.19,57.19,17.5,17.5,2010
364,366,118.54,120.76,57.19,57.19,17.5,17.5,2010
365,367,118.2,120.4,57.19,57.19,17.5,17.5,2010
366,368,117.87,120.21,57.19,57.19,17.5,17.5,2010
367,369,117.8,120.39,57.19,57.19,17.5,17.5,2010
368,370,117.88,120.38,57.19,57.19,17.5,17.5,2010
369,371,117.91,120.44,57.19,57.19,17.5,17.5,2010
370,372,117.39,119.78,57.19,57.19,17.5,17.5,2010
371,373,116.85,119.24,57.19,57.19,17.5,17.5,2010
372,374,116.61,119.03,57.19,57.19,17.5,17.5,2010
373,375,116.51,119.03,57.19,57.19,17.5,17.5,2010
374,376,116.35,118.94,57.19,57.19,17.5,17.5,2010
375,377,116.34,118.79,57.19,57.19,17.5,17.5,2010
376,378,115.64,117.9,57.19,57.19,17.5,17.5,2010
377,379,114.98,117.37,57.19,57.19,17.5,17.5,2010
378,380,114.59,117.09,57.19,57.19,17.5,17.5,2010
379,381,114.66,117.17,57.19,57.19,17.5,17.5,2010
380,382,115.06,117.72,57.19,57.19,17.5,17.5,2010
381,383,115.39,118.11,57.19,57.19,17.5,17.5,2010
382,384,116.01,118.97,58.19,58.19,17.5,17.5,2010
383,385,116.78,119.77,58.19,58.19,17.5,17.5,2010
384,386,117.28,120.6,58.19,58.19,17.5,17.5,2010
385,387,117.74,121.17,58.19,58.19,17.5,17.5,2010
386,388,118.18,121.66,58.19,58.19,17.5,17.5,2010
387,389,118.67,122.19,58.19,58.19,17.5,17.5,2010
388,390,118.8,122.51,58.19,58.19,17.5,17.5,2010
389,391,118.99,122.74,58.19,58.19,17.5,17.5,2010
390,392,119.21,123.2,58.19,58.19,17.5,17.5,2010
391,393,120.54,124.62,58.19,58.19,17.5,17.5,2010
392,394,121.68,125.77,58.19,58.19,17.5,17.5,2010
393,395,122.31,126.52,58.19,58.19,17.5,17.5,2010
394,396,123.44,127.68,58.19,58.19,17.5,17.5,2010
395,397,124.85,129.11,58.95,58.95,17.5,17.5,2011
396,398,127.4,131.6,58.95,58.95,20.0,20.0,2011
397,399,127.87,132.33,58.95,58.95,20.0,20.0,2011
398,400,128.35,133.0,58.95,58.95,20.0,20.0,2011
399,401,128.55,133.25,58.95,58.95,20.0,20.0,2011
400,402,128.64,133.47,58.95,58.95,20.0,20.0,2011
401,403,128.73,133.71,58.95,58.95,20.0,20.0,2011
402,404,128.92,134.04,58.95,58.95,20.0,20.0,2011
403,405,129.72,135.06,58.95,58.95,20.0,20.0,2011
404,406,131.28,136.9,58.95,58.95,20.0,20.0,2011
405,407,132.18,138.25,58.95,58.95,20.0,20.0,2011
406,408,133.11,139.53,58.95,58.95,20.0,20.0,2011
407,409,132.44,139.04,57.95,57.95,20.0,20.0,2011
408,410,132.81,139.46,57.95,57.95,20.0,20.0,2011
409,411,133.68,140.33,57.95,57.95,20.0,20.0,2011
410,412,135.06,141.34,57.95,57.95,20.0,20.0,2011
411,413,135.62,142.11,57.95,57.95,20.0,20.0,2011
412,414,136.29,142.53,57.95,57.95,20.0,20.0,2011
413,415,137.05,143.06,57.95,57.95,20.0,20.0,2011
414,416,136.4,141.5,57.95,57.95,20.0,20.0,2011
415,417,136.11,140.77,57.95,57.95,20.0,20.0,2011
416,418,135.57,139.81,57.95,57.95,20.0,20.0,2011
417,419,135.62,139.58,57.95,57.95,20.0,20.0,2011
418,420,135.86,139.77,57.95,57.95,20.0,20.0,2011
419,421,136.03,140.05,57.95,57.95,20.0,20.0,2011
420,422,134.86,138.77,57.95,57.95,20.0,20.0,2011
421,423,133.43,137.7,57.95,57.95,20.0,20.0,2011
422,424,134.18,138.4,57.95,57.95,20.0,20.0,2011
423,425,134.97,139.36,57.95,57.95,20.0,20.0,2011
424,426,135.66,139.95,57.95,57.95,20.0,20.0,2011
425,427,136.07,140.55,57.95,57.95,20.0,20.0,2011
426,428,136.46,140.84,57.95,57.95,20.0,20.0,2011
427,429,135.95,140.36,57.95,57.95,20.0,20.0,2011
428,430,134.56,139.04,57.95,57.95,20.0,20.0,2011
429,431,134.32,138.72,57.95,57.95,20.0,20.0,2011
430,432,134.62,138.96,57.95,57.95,20.0,20.0,2011
431,433,135.0,139.4,57.95,57.95,20.0,20.0,2011
432,434,135.4,139.86,57.95,57.95,20.0,20.0,2011
433,435,135.65,140.14,57.95,57.95,20.0,20.0,2011
434,436,135.02,139.77,57.95,57.95,20.0,20.0,2011
435,437,134.47,139.52,57.95,57.95,20.0,20.0,2011
436,438,134.49,139.73,57.95,57.95,20.0,20.0,2011
437,439,134.66,140.19,57.95,57.95,20.0,20.0,2011
438,440,134.73,140.27,57.95,57.95,20.0,20.0,2011
439,441,134.41,140.42,57.95,57.95,20.0,20.0,2011
440,442,133.68,140.53,57.95,57.95,20.0,20.0,2011
441,443,133.38,141.06,57.95,57.95,20.0,20.0,2011
442,444,133.17,141.1,57.95,57.95,20.0,20.0,2011
443,445,132.78,140.99,57.95,57.95,20.0,20.0,2011
444,446,132.53,140.95,57.95,57.95,20.0,20.0,2011
445,447,132.49,140.93,57.95,57.95,20.0,20.0,2011
446,448,132.41,140.77,57.95,57.95,20.0,20.0,2011
447,449,132.4,140.84,57.95,57.95,20.0,20.0,2012
448,450,132.68,141.0,57.95,57.95,20.0,20.0,2012
449,451,133.29,141.69,57.95,57.95,20.0,20.0,2012
450,452,133.72,142.06,57.95,57.95,20.0,20.0,2012
451,453,134.1,142.45,57.95,57.95,20.0,20.0,2012
452,454,134.25,142.24,57.95,57.95,20.0,20.0,2012
453,455,134.9,142.83,57.95,57.95,20.0,20.0,2012
454,456,135.21,143.15,57.95,57.95,20.0,20.0,2012
455,457,136.21,143.92,57.95,57.95,20.0,20.0,2012
456,458,137.3,144.71,57.95,57.95,20.0,20.0,2012
457,459,137.9,145.15,57.95,57.95,20.0,20.0,2012
458,460,138.96,146.16,57.95,57.95,20.0,20.0,2012
459,461,139.48,146.56,57.95,57.95,20.0,20.0,2012
460,462,140.99,147.68,57.95,57.95,20.0,20.0,2012
461,463,141.97,148.0,57.95,57.95,20.0,20.0,2012
462,464,142.17,148.04,57.95,57.95,20.0,20.0,2012
463,465,141.76,147.96,57.95,57.95,20.0,20.0,2012
464,466,141.0,147.05,57.95,57.95,20.0,20.0,2012
465,467,140.14,146.4,57.95,57.95,20.0,20.0,2012
466,468,138.29,144.52,57.95,57.95,20.0,20.0,2012
467,469,135.77,141.75,57.95,57.95,20.0,20.0,2012
468,470,134.37,140.49,57.95,57.95,20.0,20.0,2012
469,471,134.06,139.96,57.95,57.95,20.0,20.0,2012
470,472,133.67,139.58,57.95,57.95,20.0,20.0,2012
471,473,131.99,137.71,57.95,57.95,20.0,20.0,2012
472,474,131.55,137.2,57.95,57.95,20.0,20.0,2012
473,475,130.5,135.91,57.95,57.95,20.0,20.0,2012
474,476,131.06,136.44,57.95,57.95,20.0,20.0,2012
475,477,131.49,136.85,57.95,57.95,20.0,20.0,2012
476,478,132.21,137.72,57.95,57.95,20.0,20.0,2012
477,479,132.78,138.25,57.95,57.95,20.0,20.0,2012
478,480,133.39,138.79,57.95,57.95,20.0,20.0,2012
479,481,134.27,139.46,57.95,57.95,20.0,20.0,2012
480,482,135.72,140.79,57.95,57.95,20.0,20.0,2012
481,483,137.1,142.17,57.95,57.95,20.0,20.0,2012
482,484,138.03,142.87,57.95,57.95,20.0,20.0,2012
483,485,138.91,143.66,57.95,57.95,20.0,20.0,2012
484,486,139.42,144.18,57.95,57.95,20.0,20.0,2012
485,487,139.54,144.36,57.95,57.95,20.0,20.0,2012
486,488,138.43,143.28,57.95,57.95,20.0,20.0,2012
487,489,138.24,143.05,57.95,57.95,20.0,20.0,2012
488,490,138.35,143.23,57.95,57.95,20.0,20.0,2012
489,491,138.29,143.23,57.95,57.95,20.0,20.0,2012
490,492,136.98,143.0,57.95,57.95,20.0,20.0,2012
491,493,136.43,142.75,57.95,57.95,20.0,20.0,2012
492,494,135.09,141.74,57.95,57.95,20.0,20.0,2012
493,495,134.56,141.33,57.95,57.95,20.0,20.0,2012
494,496,134.38,141.13,57.95,57.95,20.0,20.0,2012
495,497,133.05,140.91,57.95,57.95,20.0,20.0,2012
496,498,132.55,140.76,57.95,57.95,20.0,20.0,2012
497,499,131.98,140.08,57.95,57.95,20.0,20.0,2012
498,500,131.95,139.84,57.95,57.95,20.0,20.0,2012
499,501,131.92,139.81,57.95,57.95,20.0,20.0,2012
500,502,131.86,139.75,57.95,57.95,20.0,20.0,2013
501,503,132.0,139.68,57.95,57.95,20.0,20.0,2013
502,504,132.21,139.95,57.95,57.95,20.0,20.0,2013
503,505,132.95,140.77,57.95,57.95,20.0,20.0,2013
504,506,134.38,141.91,57.95,57.95,20.0,20.0,2013
505,507,135.56,143.03,57.95,57.95,20.0,20.0,2013
506,508,136.86,144.17,57.95,57.95,20.0,20.0,2013
507,509,138.5,145.55,57.95,57.95,20.0,20.0,2013
508,510,139.47,146.34,57.95,57.95,20.0,20.0,2013
509,511,140.0,146.71,57.95,57.95,20.0,20.0,2013
510,512,137.58,144.84,57.95,57.95,20.0,20.0,2013
511,513,137.09,144.33,57.95,57.95,20.0,20.0,2013
512,514,137.3,143.51,57.95,57.95,20.0,20.0,2013
513,515,137.31,143.13,57.95,57.95,20.0,20.0,2013
514,516,137.11,141.67,57.95,57.95,20.0,20.0,2013
515,517,135.68,140.64,57.95,57.95,20.0,20.0,2013
516,518,134.66,139.59,57.95,57.95,20.0,20.0,2013
517,519,133.42,138.54,57.95,57.95,20.0,20.0,2013
518,520,133.12,138.27,57.95,57.95,20.0,20.0,2013
519,521,133.17,138.42,57.95,57.95,20.0,20.0,2013
520,522,133.64,138.82,57.95,57.95,20.0,20.0,2013
521,523,134.04,139.17,57.95,57.95,20.0,20.0,2013
522,524,134.3,139.43,57.95,57.95,20.0,20.0,2013
523,525,134.46,139.54,57.95,57.95,20.0,20.0,2013
524,526,134.52,139.64,57.95,57.95,20.0,20.0,2013
525,527,133.44,138.51,57.95,57.95,20.0,20.0,2013
526,528,133.77,138.73,57.95,57.95,20.0,20.0,2013
527,529,134.95,139.84,57.95,57.95,20.0,20.0,2013
528,530,136.04,140.72,57.95,57.95,20.0,20.0,2013
529,531,136.87,141.44,57.95,57.95,20.0,20.0,2013
530,532,137.02,141.67,57.95,57.95,20.0,20.0,2013
531,533,137.13,141.82,57.95,57.95,20.0,20.0,2013
532,534,137.0,141.73,57.95,57.95,20.0,20.0,2013
533,535,136.83,141.78,57.95,57.95,20.0,20.0,2013
534,536,137.14,142.09,57.95,57.95,20.0,20.0,2013
535,537,137.6,142.67,57.95,57.95,20.0,20.0,2013
536,538,137.47,142.52,57.95,57.95,20.0,20.0,2013
537,539,136.95,142.09,57.95,57.95,20.0,20.0,2013
538,540,133.4,140.19,57.95,57.95,20.0,20.0,2013
539,541,131.62,138.83,57.95,57.95,20.0,20.0,2013
540,542,131.67,139.15,57.95,57.95,20.0,20.0,2013
541,543,131.53,138.99,57.95,57.95,20.0,20.0,2013
542,544,131.42,138.88,57.95,57.95,20.0,20.0,2013
543,545,129.92,137.51,57.95,57.95,20.0,20.0,2013
544,546,129.71,137.32,57.95,57.95,20.0,20.0,2013
545,547,129.89,137.47,57.95,57.95,20.0,20.0,2013
546,548,130.03,137.72,57.95,57.95,20.0,20.0,2013
547,549,130.25,137.9,57.95,57.95,20.0,20.0,2013
548,550,130.76,138.55,57.95,57.95,20.0,20.0,2013
549,551,130.96,138.84,57.95,57.95,20.0,20.0,2013
550,552,130.05,138.17,57.95,57.95,20.0,20.0,2013
551,553,130.03,137.98,57.95,57.95,20.0,20.0,2013
552,554,130.26,138.11,57.95,57.95,20.0,20.0,2014
553,555,130.36,138.34,57.95,57.95,20.0,20.0,2014
554,556,129.37,137.23,57.95,57.95,20.0,20.0,2014
555,557,129.02,136.94,57.95,57.95,20.0,20.0,2014
556,558,128.85,136.84,57.95,57.95,20.0,20.0,2014
557,559,128.81,136.84,57.95,57.95,20.0,20.0,2014
558,560,129.16,136.81,57.95,57.95,20.0,20.0,2014
559,561,129.2,136.95,57.95,57.95,20.0,20.0,2014
560,562,129.36,137.15,57.95,57.95,20.0,20.0,2014
561,563,129.39,137.08,57.95,57.95,20.0,20.0,2014
562,564,128.76,136.27,57.95,57.95,20.0,20.0,2014
563,565,128.57,136.0,57.95,57.95,20.0,20.0,2014
564,566,128.76,135.89,57.95,57.95,20.0,20.0,2014
565,567,128.71,136.01,57.95,57.95,20.0,20.0,2014
566,568,128.89,136.05,57.95,57.95,20.0,20.0,2014
567,569,129.11,136.12,57.95,57.95,20.0,20.0,2014
568,570,129.09,135.93,57.95,57.95,20.0,20.0,2014
569,571,129.27,136.16,57.95,57.95,20.0,20.0,2014
570,572,129.5,136.37,57.95,57.95,20.0,20.0,2014
571,573,129.42,136.17,57.95,57.95,20.0,20.0,2014
572,574,129.51,136.36,57.95,57.95,20.0,20.0,2014
573,575,129.63,136.38,57.95,57.95,20.0,20.0,2014
574,576,129.69,136.04,57.95,57.95,20.0,20.0,2014
575,577,129.88,135.54,57.95,57.95,20.0,20.0,2014
576,578,130.14,135.5,57.95,57.95,20.0,20.0,2014
577,579,130.69,136.04,57.95,57.95,20.0,20.0,2014
578,580,131.1,136.22,57.95,57.95,20.0,20.0,2014
579,581,131.11,136.17,57.95,57.95,20.0,20.0,2014
580,582,131.04,135.69,57.95,57.95,20.0,20.0,2014
581,583,130.83,135.5,57.95,57.95,20.0,20.0,2014
582,584,129.63,134.31,57.95,57.95,20.0,20.0,2014
583,585,129.41,133.85,57.95,57.95,20.0,20.0,2014
584,586,129.29,133.74,57.95,57.95,20.0,20.0,2014
585,587,128.34,133.16,57.95,57.95,20.0,20.0,2014
586,588,128.01,132.77,57.95,57.95,20.0,20.0,2014
587,589,128.34,133.09,57.95,57.95,20.0,20.0,2014
588,590,128.43,133.13,57.95,57.95,20.0,20.0,2014
589,591,128.62,133.32,57.95,57.95,20.0,20.0,2014
590,592,128.59,133.23,57.95,57.95,20.0,20.0,2014
591,593,126.78,131.43,57.95,57.95,20.0,20.0,2014
592,594,126.5,131.08,57.95,57.95,20.0,20.0,2014
593,595,125.4,130.0,57.95,57.95,20.0,20.0,2014
594,596,125.11,129.72,57.95,57.95,20.0,20.0,2014
595,597,123.94,128.56,57.95,57.95,20.0,20.0,2014
596,598,122.94,127.59,57.95,57.95,20.0,20.0,2014
597,599,122.5,127.31,57.95,57.95,20.0,20.0,2014
598,600,122.29,127.17,57.95,57.95,20.0,20.0,2014
599,601,121.18,126.11,57.95,57.95,20.0,20.0,2014
600,602,119.83,124.79,57.95,57.95,20.0,20.0,2014
601,603,116.3,122.43,57.95,57.95,20.0,20.0,2014
602,604,113.66,120.81,57.95,57.95,20.0,20.0,2014
603,605,113.16,120.36,57.95,57.95,20.0,20.0,2014
604,606,111.06,117.93,57.95,57.95,20.0,20.0,2015
605,607,108.87,116.22,57.95,57.95,20.0,20.0,2015
606,608,106.83,114.33,57.95,57.95,20.0,20.0,2015
607,609,106.32,113.76,57.95,57.95,20.0,20.0,2015
608,610,106.04,113.61,57.95,57.95,20.0,20.0,2015
609,611,106.35,113.91,57.95,57.95,20.0,20.0,2015
610,612,107.26,114.73,57.95,57.95,20.0,20.0,2015
611,613,108.34,115.74,57.95,57.95,20.0,20.0,2015
612,614,109.2,116.64,57.95,57.95,20.0,20.0,2015
613,615,110.07,117.51,57.95,57.95,20.0,20.0,2015
614,616,111.04,118.26,57.95,57.95,20.0,20.0,2015
615,617,111.65,118.71,57.95,57.95,20.0,20.0,2015
616,618,112.06,118.97,57.95,57.95,20.0,20.0,2015
617,619,112.37,119.09,57.95,57.95,20.0,20.0,2015
618,620,112.52,119.15,57.95,57.95,20.0,20.0,2015
619,621,112.87,119.14,57.95,57.95,20.0,20.0,2015
620,622,113.55,119.58,57.95,57.95,20.0,20.0,2015
621,623,114.27,120.0,57.95,57.95,20.0,20.0,2015
622,624,115.1,120.59,57.95,57.95,20.0,20.0,2015
623,625,115.74,121.04,57.95,57.95,20.0,20.0,2015
624,626,116.02,121.32,57.95,57.95,20.0,20.0,2015
625,627,116.13,121.3,57.95,57.95,20.0,20.0,2015
626,628,116.26,121.34,57.95,57.95,20.0,20.0,2015
627,629,116.39,121.3,57.95,57.95,20.0,20.0,2015
628,630,116.6,121.21,57.95,57.95,20.0,20.0,2015
629,631,116.55,120.99,57.95,57.95,20.0,20.0,2015
630,632,116.34,120.76,57.95,57.95,20.0,20.0,2015
631,633,116.41,118.83,57.95,57.95,20.0,20.0,2015
632,634,116.79,118.43,57.95,57.95,20.0,20.0,2015
633,635,116.44,116.95,57.95,57.95,20.0,20.0,2015
634,636,116.12,115.17,57.95,57.95,20.0,20.0,2015
635,637,115.48,114.2,57.95,57.95,20.0,20.0,2015
636,638,114.58,112.05,57.95,57.95,20.0,20.0,2015
637,639,113.23,111.05,57.95,57.95,20.0,20.0,2015
638,640,111.21,109.92,57.95,57.95,20.0,20.0,2015
639,641,110.9,109.78,57.95,57.95,20.0,20.0,2015
640,642,110.6,109.95,57.95,57.95,20.0,20.0,2015
641,643,110.61,110.52,57.95,57.95,20.0,20.0,2015
642,644,109.47,110.45,57.95,57.95,20.0,20.0,2015
643,645,108.94,110.57,57.95,57.95,20.0,20.0,2015
644,646,108.97,110.78,57.95,57.95,20.0,20.0,2015
645,647,109.01,111.17,57.95,57.95,20.0,20.0,2015
646,648,108.04,110.61,57.95,57.95,20.0,20.0,2015
647,649,107.21,110.14,57.95,57.95,20.0,20.0,2015
648,650,107.14,110.08,57.95,57.95,20.0,20.0,2015
649,651,107.36,110.32,57.95,57.95,20.0,20.0,2015
650,652,107.29,110.27,57.95,57.95,20.0,20.0,2015
651,653,106.97,110.01,57.95,57.95,20.0,20.0,2015
652,654,106.75,109.92,57.95,57.95,20.0,20.0,2015
653,655,104.0,108.07,57.95,57.95,20.0,20.0,2015
654,656,102.33,107.04,57.95,57.95,20.0,20.0,2015
655,657,102.11,106.43,57.95,57.95,20.0,20.0,2015
656,658,102.0,106.32,57.95,57.95,20.0,20.0,2016
657,659,101.89,103.41,57.95,57.95,20.0,20.0,2016
658,660,101.8,102.81,57.95,57.95,20.0,20.0,2016
659,661,101.42,101.54,57.95,57.95,20.0,20.0,2016
660,662,101.36,100.84,57.95,57.95,20.0,20.0,2016
661,663,101.51,101.14,57.95,57.95,20.0,20.0,2016
662,664,101.45,101.21,57.95,57.95,20.0,20.0,2016
663,665,101.39,101.13,57.95,57.95,20.0,20.0,2016
664,666,101.42,101.38,57.95,57.95,20.0,20.0,2016
665,667,101.46,101.67,57.95,57.95,20.0,20.0,2016
666,668,101.71,102.52,57.95,57.95,20.0,20.0,2016
667,669,102.58,103.64,57.95,57.95,20.0,20.0,2016
668,670,103.4,104.4,57.95,57.95,20.0,20.0,2016
669,671,104.51,105.32,57.95,57.95,20.0,20.0,2016
670,672,105.39,105.98,57.95,57.95,20.0,20.0,2016
671,673,106.41,106.97,57.95,57.95,20.0,20.0,2016
672,674,107.14,107.67,57.95,57.95,20.0,20.0,2016
673,675,107.82,108.58,57.95,57.95,20.0,20.0,2016
674,676,108.19,109.0,57.95,57.95,20.0,20.0,2016
675,677,108.53,109.3,57.95,57.95,20.0,20.0,2016
676,678,109.12,109.9,57.95,57.95,20.0,20.0,2016
677,679,109.79,110.7,57.95,57.95,20.0,20.0,2016
678,680,110.4,111.43,57.95,57.95,20.0,20.0,2016
679,681,111.03,111.99,57.95,57.95,20.0,20.0,2016
680,682,111.22,112.31,57.95,57.95,20.0,20.0,2016
681,683,111.44,112.56,57.95,57.95,20.0,20.0,2016
682,684,111.65,112.86,57.95,57.95,20.0,20.0,2016
683,685,111.89,113.09,57.95,57.95,20.0,20.0,2016
684,686,111.92,113.0,57.95,57.95,20.0,20.0,2016
685,687,111.69,112.89,57.95,57.95,20.0,20.0,2016
686,688,111.05,112.43,57.95,57.95,20.0,20.0,2016
687,689,109.75,111.4,57.95,57.95,20.0,20.0,2016
688,690,109.28,111.02,57.95,57.95,20.0,20.0,2016
689,691,109.63,111.71,57.95,57.95,20.0,20.0,2016
690,692,110.43,112.55,57.95,57.95,20.0,20.0,2016
691,693,110.97,113.1,57.95,57.95,20.0,20.0,2016
692,694,111.31,113.42,57.95,57.95,20.0,20.0,2016
693,695,111.29,113.23,57.95,57.95,20.0,20.0,2016
694,696,111.36,113.38,57.95,57.95,20.0,20.0,2016
695,697,111.65,113.71,57.95,57.95,20.0,20.0,2016
696,698,112.35,114.4,57.95,57.95,20.0,20.0,2016
697,699,113.72,116.0,57.95,57.95,20.0,20.0,2016
698,700,115.2,117.7,57.95,57.95,20.0,20.0,2016
699,701,116.02,118.42,57.95,57.95,20.0,20.0,2016
700,702,116.56,119.03,57.95,57.95,20.0,20.0,2016
701,703,116.5,118.82,57.95,57.95,20.0,20.0,2016
702,704,114.71,117.42,57.95,57.95,20.0,20.0,2016
703,705,113.72,116.57,57.95,57.95,20.0,20.0,2016
704,706,113.66,116.75,57.95,57.95,20.0,20.0,2016
705,707,114.23,117.51,57.95,57.95,20.0,20.0,2016
706,708,115.0,118.61,57.95,57.95,20.0,20.0,2016
707,709,115.45,119.03,57.95,57.95,20.0,20.0,2016
708,710,117.0,120.03,57.95,57.95,20.0,20.0,2017
709,711,117.98,121.3,57.95,57.95,20.0,20.0,2017
710,712,118.63,122.1,57.95,57.95,20.0,20.0,2017
711,713,119.43,122.75,57.95,57.95,20.0,20.0,2017
712,714,120.01,123.19,57.95,57.95,20.0,20.0,2017
713,715,120.18,123.25,57.95,57.95,20.0,20.0,2017
714,716,120.15,123.17,57.95,57.95,20.0,20.0,2017
715,717,120.2,123.15,57.95,57.95,20.0,20.0,2017
716,718,120.12,123.06,57.95,57.95,20.0,20.0,2017
717,719,120.02,122.9,57.95,57.95,20.0,20.0,2017
718,720,119.8,122.77,57.95,57.95,20.0,20.0,2017
719,721,118.95,121.84,57.95,57.95,20.0,20.0,2017
720,722,118.03,121.08,57.95,57.95,20.0,20.0,2017
721,723,116.93,119.92,57.95,57.95,20.0,20.0,2017
722,724,117.02,119.98,57.95,57.95,20.0,20.0,2017
723,725,117.54,120.36,57.95,57.95,20.0,20.0,2017
724,726,118.15,120.77,57.95,57.95,20.0,20.0,2017
725,727,118.08,120.78,57.95,57.95,20.0,20.0,2017
726,728,117.06,119.34,57.95,57.95,20.0,20.0,2017
727,729,115.6,117.65,57.95,57.95,20.0,20.0,2017
728,730,115.67,117.76,57.95,57.95,20.0,20.0,2017
729,731,115.79,117.88,57.95,57.95,20.0,20.0,2017
730,732,115.82,117.95,57.95,57.95,20.0,20.0,2017
731,733,115.69,117.76,57.95,57.95,20.0,20.0,2017
732,734,115.12,117.18,57.95,57.95,20.0,20.0,2017
733,735,114.43,116.26,57.95,57.95,20.0,20.0,2017
734,736,113.74,115.63,57.95,57.95,20.0,20.0,2017
735,737,113.58,115.29,57.95,57.95,20.0,20.0,2017
736,738,113.89,115.58,57.95,57.95,20.0,20.0,2017
737,739,113.99,115.73,57.95,57.95,20.0,20.0,2017
738,740,114.16,115.99,57.95,57.95,20.0,20.0,2017
739,741,114.78,116.64,57.95,57.95,20.0,20.0,2017
740,742,115.53,117.43,57.95,57.95,20.0,20.0,2017
741,743,116.04,118.05,57.95,57.95,20.0,20.0,2017
742,744,116.4,118.24,57.95,57.95,20.0,20.0,2017
743,745,116.95,118.77,57.95,57.95,20.0,20.0,2017
744,746,118.14,119.94,57.95,57.95,20.0,20.0,2017
745,747,118.85,120.59,57.95,57.95,20.0,20.0,2017
746,748,118.87,120.92,57.95,57.95,20.0,20.0,2017
747,749,118.13,120.37,57.95,57.95,20.0,20.0,2017
748,750,117.16,120.51,57.95,57.95,20.0,20.0,2017
749,751,117.01,120.42,57.95,57.95,20.0,20.0,2017
750,752,117.04,120.65,57.95,57.95,20.0,20.0,2017
751,753,117.06,120.63,57.95,57.95,20.0,20.0,2017
752,754,117.57,121.27,57.95,57.95,20.0,20.0,2017
753,755,118.91,122.69,57.95,57.95,20.0,20.0,2017
754,756,119.67,123.32,57.95,57.95,20.0,20.0,2017
755,757,120.13,123.79,57.95,57.95,20.0,20.0,2017
756,758,119.75,123.21,57.95,57.95,20.0,20.0,2017
757,759,119.91,123.69,57.95,57.95,20.0,20.0,2017
758,760,119.98,123.81,57.95,57.95,20.0,20.0,2017
759,761,120.0,123.43,57.95,57.95,20.0,20.0,2017
760,762,120.19,123.51,57.95,57.95,20.0,20.0,2018
761,763,120.52,123.97,57.95,57.95,20.0,20.0,2018
762,764,120.96,124.58,57.95,57.95,20.0,20.0,2018
763,765,121.5,125.07,57.95,57.95,20.0,20.0,2018
764,766,121.69,125.32,57.95,57.95,20.0,20.0,2018
765,767,121.73,125.36,57.95,57.95,20.0,20.0,2018
766,768,121.58,125.02,57.95,57.95,20.0,20.0,2018
767,769,120.52,124.18,57.95,57.95,20.0,20.0,2018
768,770,119.55,123.09,57.95,57.95,20.0,20.0,2018
769,771,119.29,122.92,57.95,57.95,20.0,20.0,2018
770,772,119.11,122.96,57.95,57.95,20.0,20.0,2018
771,773,119.17,122.84,57.95,57.95,20.0,20.0,2018
772,774,119.23,122.9,57.95,57.95,20.0,20.0,2018
773,775,119.43,123.05,57.95,57.95,20.0,20.0,2018
774,776,119.96,123.58,57.95,57.95,20.0,20.0,2018
775,777,120.56,124.29,57.95,57.95,20.0,20.0,2018
776,778,121.44,125.39,57.95,57.95,20.0,20.0,2018
777,779,122.22,126.01,57.95,57.95,20.0,20.0,2018
778,780,123.27,126.99,57.95,57.95,20.0,20.0,2018
779,781,124.32,128.28,57.95,57.95,20.0,20.0,2018
780,782,125.93,130.04,57.95,57.95,20.0,20.0,2018
781,783,127.58,131.66,57.95,57.95,20.0,20.0,2018
782,784,128.43,132.34,57.95,57.95,20.0,20.0,2018
783,785,128.61,132.62,57.95,57.95,20.0,20.0,2018
784,786,127.92,131.98,57.95,57.95,20.0,20.0,2018
785,787,127.18,131.27,57.95,57.95,20.0,20.0,2018
786,788,126.54,130.83,57.95,57.95,20.0,20.0,2018
787,789,126.97,131.53,57.95,57.95,20.0,20.0,2018
788,790,127.47,131.85,57.95,57.95,20.0,20.0,2018
789,791,127.5,131.9,57.95,57.95,20.0,20.0,2018
790,792,127.54,131.94,57.95,57.95,20.0,20.0,2018
791,793,128.02,132.39,57.95,57.95,20.0,20.0,2018
792,794,128.39,132.56,57.95,57.95,20.0,20.0,2018
793,795,128.79,132.97,57.95,57.95,20.0,20.0,2018
794,796,129.18,133.2,57.95,57.95,20.0,20.0,2018
795,797,129.76,133.67,57.95,57.95,20.0,20.0,2018
796,798,130.24,134.31,57.95,57.95,20.0,20.0,2018
797,799,130.59,134.57,57.95,57.95,20.0,20.0,2018
798,800,130.59,134.77,57.95,57.95,20.0,20.0,2018
799,801,129.98,134.86,57.95,57.95,20.0,20.0,2018
800,802,130.15,135.53,57.95,57.95,20.0,20.0,2018
801,803,130.81,136.63,57.95,57.95,20.0,20.0,2018
802,804,130.98,136.93,57.95,57.95,20.0,20.0,2018
803,805,130.64,136.99,57.95,57.95,20.0,20.0,2018
804,806,130.11,137.03,57.95,57.95,20.0,20.0,2018
805,807,128.94,137.08,57.95,57.95,20.0,20.0,2018
806,808,127.4,136.38,57.95,57.95,20.0,20.0,2018
807,809,125.77,135.43,57.95,57.95,20.0,20.0,2018
808,810,124.3,134.38,57.95,57.95,20.0,20.0,2018
809,811,122.37,132.5,57.95,57.95,20.0,20.0,2018
810,812,121.02,131.26,57.95,57.95,20.0,20.0,2018
811,813,120.61,130.91,57.95,57.95,20.0,20.0,2018
812,814,120.18,130.26,57.95,57.95,20.0,20.0,2018
813,815,120.27,130.33,57.95,57.95,20.0,20.0,2019
814,816,119.53,129.47,57.95,57.95,20.0,20.0,2019
815,817,119.12,128.92,57.95,57.95,20.0,20.0,2019
816,818,119.29,129.1,57.95,57.95,20.0,20.0,2019
817,819,119.13,129.13,57.95,57.95,20.0,20.0,2019
818,820,118.97,129.17,57.95,57.95,20.0,20.0,2019
819,821,119.05,129.23,57.95,57.95,20.0,20.0,2019
820,822,119.22,129.66,57.95,57.95,20.0,20.0,2019
821,823,119.72,130.25,57.95,57.95,20.0,20.0,2019
822,824,120.1,130.59,57.95,57.95,20.0,20.0,2019
823,825,120.48,130.85,57.95,57.95,20.0,20.0,2019
824,826,120.83,131.15,57.95,57.95,20.0,20.0,2019
825,827,121.7,131.48,57.95,57.95,20.0,20.0,2019
826,828,122.75,132.08,57.95,57.95,20.0,20.0,2019
827,829,124.06,132.96,57.95,57.95,20.0,20.0,2019
828,830,125.43,133.99,57.95,57.95,20.0,20.0,2019
829,831,126.36,134.6,57.95,57.95,20.0,20.0,2019
830,832,127.5,135.41,57.95,57.95,20.0,20.0,2019
831,833,127.97,135.36,57.95,57.95,20.0,20.0,2019
832,834,128.51,135.82,57.95,57.95,20.0,20.0,2019
833,835,129.14,136.45,57.95,57.95,20.0,20.0,2019
834,836,129.41,136.39,57.95,57.95,20.0,20.0,2019
835,837,128.89,135.4,57.95,57.95,20.0,20.0,2019
836,838,127.66,133.76,57.95,57.95,20.0,20.0,2019
837,839,126.66,131.81,57.95,57.95,20.0,20.0,2019
838,840,126.49,131.55,57.95,57.95,20.0,20.0,2019
839,841,126.86,131.68,57.95,57.95,20.0,20.0,2019
840,842,127.13,131.86,57.95,57.95,20.0,20.0,2019
841,843,127.81,132.21,57.95,57.95,20.0,20.0,2019
842,844,128.03,132.6,57.95,57.95,20.0,20.0,2019
843,845,128.37,132.61,57.95,57.95,20.0,20.0,2019
844,846,128.36,132.59,57.95,57.95,20.0,20.0,2019
845,847,128.17,132.6,57.95,57.95,20.0,20.0,2019
846,848,128.22,132.51,57.95,57.95,20.0,20.0,2019
847,849,127.86,132.29,57.95,57.95,20.0,20.0,2019
848,850,127.79,131.89,57.95,57.95,20.0,20.0,2019
849,851,126.92,131.35,57.95,57.95,20.0,20.0,2019
850,852,126.78,131.52,57.95,57.95,20.0,20.0,2019
851,853,126.92,131.83,57.95,57.95,20.0,20.0,2019
852,854,126.87,131.82,57.95,57.95,20.0,20.0,2019
853,855,126.91,131.89,57.95,57.95,20.0,20.0,2019
854,856,126.4,131.28,57.95,57.95,20.0,20.0,2019
855,857,125.77,130.6,57.95,57.95,20.0,20.0,2019
856,858,125.56,130.38,57.95,57.95,20.0,20.0,2019
857,859,125.59,130.42,57.95,57.95,20.0,20.0,2019
858,860,125.58,130.35,57.95,57.95,20.0,20.0,2019
859,861,125.32,130.08,57.95,57.95,20.0,20.0,2019
860,862,124.81,129.79,57.95,57.95,20.0,20.0,2019
861,863,124.75,129.79,57.95,57.95,20.0,20.0,2019
862,864,124.33,129.56,57.95,57.95,20.0,20.0,2019
863,865,124.16,129.81,57.95,57.95,20.0,20.0,2019
864,866,124.96,130.54,57.95,57.95,20.0,20.0,2019
865,867,126.09,131.56,57.95,57.95,20.0,20.0,2020
866,868,127.17,132.69,57.95,57.95,20.0,20.0,2020
867,869,127.18,132.74,57.95,57.95,20.0,20.0,2020
868,870,127.33,132.88,57.95,57.95,20.0,20.0,2020
869,871,125.85,131.48,57.95,57.95,20.0,20.0,2020
870,872,124.73,129.7,57.95,57.95,20.0,20.0,2020
871,873,123.8,128.2,57.95,57.95,20.0,20.0,2020
872,874,123.45,127.67,57.95,57.95,20.0,20.0,2020
873,875,122.43,126.62,57.95,57.95,20.0,20.0,2020
874,876,122.24,126.25,57.95,57.95,20.0,20.0,2020
875,877,120.33,124.36,57.95,57.95,20.0,20.0,2020
876,878,119.64,123.41,57.95,57.95,20.0,20.0,2020
877,879,112.45,118.6,57.95,57.95,20.0,20.0,2020
878,880,110.23,116.83,57.95,57.95,20.0,20.0,2020
879,881,109.27,116.15,57.95,57.95,20.0,20.0,2020
880,882,108.63,115.73,57.95,57.95,20.0,20.0,2020
881,883,107.88,115.22,57.95,57.95,20.0,20.0,2020
882,884,107.56,114.94,57.95,57.95,20.0,20.0,2020
883,885,107.45,114.83,57.95,57.95,20.0,20.0,2020
884,886,105.09,112.22,57.95,57.95,20.0,20.0,2020
885,887,104.87,111.7,57.95,57.95,20.0,20.0,2020
886,888,105.17,111.76,57.95,57.95,20.0,20.0,2020
887,889,105.74,111.98,57.95,57.95,20.0,20.0,2020
888,890,106.37,112.53,57.95,57.95,20.0,20.0,2020
889,891,107.13,112.98,57.95,57.95,20.0,20.0,2020
890,892,108.31,114.1,57.95,57.95,20.0,20.0,2020
891,893,109.43,115.05,57.95,57.95,20.0,20.0,2020
892,894,111.24,116.75,57.95,57.95,20.0,20.0,2020
893,895,112.23,117.35,57.95,57.95,20.0,20.0,2020
894,896,112.66,117.76,57.95,57.95,20.0,20.0,2020
895,897,112.91,117.97,57.95,57.95,20.0,20.0,2020
896,898,113.02,118.01,57.95,57.95,20.0,20.0,2020
897,899,113.04,118.0,57.95,57.95,20.0,20.0,2020
898,900,113.22,118.14,57.95,57.95,20.0,20.0,2020
899,901,113.29,118.18,57.95,57.95,20.0,20.0,2020
900,902,113.37,118.22,57.95,57.95,20.0,20.0,2020
901,903,113.32,118.18,57.95,57.95,20.0,20.0,2020
902,904,113.31,118.16,57.95,57.95,20.0,20.0,2020
903,905,113.3,118.14,57.95,57.95,20.0,20.0,2020
904,906,113.26,118.11,57.95,57.95,20.0,20.0,2020
905,907,113.19,118.05,57.95,57.95,20.0,20.0,2020
906,908,113.18,118.08,57.95,57.95,20.0,20.0,2020
907,909,113.14,118.08,57.95,57.95,20.0,20.0,2020
908,910,113.11,118.06,57.95,57.95,20.0,20.0,2020
